http://www.city.kobe.lg.jp/information/public/kouhoushi/2016/1603/info00-01.html,意見募集
http://www.city.kobe.lg.jp/information/public/kouhoushi/2016/1603/info00-02.html,マイナンバーの通知はもう受け取りましたか？
http://www.city.kobe.lg.jp/information/public/kouhoushi/2016/1603/info00-03.html,KOBE Stylish DAY
http://www.city.kobe.lg.jp/information/public/kouhoushi/2016/1603/info00-04.html,ウェアラブルデバイスって何だ？フェスティバル
http://www.city.kobe.lg.jp/information/public/kouhoushi/2016/1603/info00-05.html,ジャズで優雅なひとときを～KOBE JAZZ DAY 2016
http://www.city.kobe.lg.jp/information/public/kouhoushi/2016/1603/info01.html,職員などの募集
http://www.city.kobe.lg.jp/information/public/kouhoushi/2016/1603/info02.html,お知らせ
http://www.city.kobe.lg.jp/information/public/kouhoushi/2016/1603/info03.html,各種相談
http://www.city.kobe.lg.jp/information/public/kouhoushi/2016/1603/info04.html,講演・講習
http://www.city.kobe.lg.jp/information/public/kouhoushi/2016/1603/info05.html,スポーツ
http://www.city.kobe.lg.jp/information/public/kouhoushi/2016/1603/info06.html,催し
http://www.city.kobe.lg.jp/information/public/kouhoushi/2016/1601/info00-01.html,意見募集
http://www.city.kobe.lg.jp/information/public/kouhoushi/2016/1601/info00-02.html,1月から、個人番号カードの交付が始まります！
http://www.city.kobe.lg.jp/information/public/kouhoushi/2016/1601/info00-03.html,KOBE Stylish DAY
http://www.city.kobe.lg.jp/information/public/kouhoushi/2016/1601/info01.html,職員などの募集
http://www.city.kobe.lg.jp/information/public/kouhoushi/2016/1601/info02.html,お知らせ
http://www.city.kobe.lg.jp/information/public/kouhoushi/2016/1601/info03.html,各種相談
http://www.city.kobe.lg.jp/information/public/kouhoushi/2016/1601/info04.html,講演・講習
http://www.city.kobe.lg.jp/information/public/kouhoushi/2016/1601/info05.html,スポーツ
http://www.city.kobe.lg.jp/information/public/kouhoushi/2016/1601/info06.html,催し
http://www.city.kobe.lg.jp/information/public/kouhoushi/2016/1602/info00-01.html,意見募集
http://www.city.kobe.lg.jp/information/public/kouhoushi/2016/1602/info00-02.html,個人番号カードの交付申請はお済ですか？
http://www.city.kobe.lg.jp/information/public/kouhoushi/2016/1602/info00-04.html,「神戸の新商品」を新たに認定しました！
http://www.city.kobe.lg.jp/information/public/kouhoushi/2016/1602/info00-03.html,KOBE Stylish DAY
http://www.city.kobe.lg.jp/information/public/kouhoushi/2016/1602/info00-05.html,寒さに負けず出掛けよう
http://www.city.kobe.lg.jp/information/public/kouhoushi/2016/1602/info01.html,職員などの募集
http://www.city.kobe.lg.jp/information/public/kouhoushi/2016/1602/info02.html,お知らせ
http://www.city.kobe.lg.jp/information/public/kouhoushi/2016/1602/info03.html,各種相談
http://www.city.kobe.lg.jp/information/public/kouhoushi/2016/1602/info04.html,講演・講習
http://www.city.kobe.lg.jp/information/public/kouhoushi/2016/1602/info05.html,スポーツ
http://www.city.kobe.lg.jp/information/public/kouhoushi/2016/1602/info06.html,催し
http://www.city.kobe.lg.jp/information/public/kouhoushi/2015/1501/info00.html,あなたのご意見をお寄せください
http://www.city.kobe.lg.jp/information/public/kouhoushi/2015/1501/info00-01.html,神戸市会議員選挙立候補予定者への説明会
http://www.city.kobe.lg.jp/information/public/kouhoushi/2015/1501/info00-02.html,おとな旅・神戸
http://www.city.kobe.lg.jp/information/public/kouhoushi/2015/1501/info00-03.html,新年を祝う 冬のおでかけ
http://www.city.kobe.lg.jp/information/public/kouhoushi/2015/1501/info01.html,職員などの募集
http://www.city.kobe.lg.jp/information/public/kouhoushi/2015/1501/info02.html,お知らせ
http://www.city.kobe.lg.jp/information/public/kouhoushi/2015/1501/info03.html,各種相談
http://www.city.kobe.lg.jp/information/public/kouhoushi/2015/1501/info04.html,講演・講習
http://www.city.kobe.lg.jp/information/public/kouhoushi/2015/1501/info05.html,スポーツ
http://www.city.kobe.lg.jp/information/public/kouhoushi/2015/1501/info06.html,催し
http://www.city.kobe.lg.jp/information/public/kouhoushi/2015/1502/info00.html,あなたのご意見をお寄せください
http://www.city.kobe.lg.jp/information/public/kouhoushi/2015/1502/info00-01.html,「神戸の新商品」を新たに認定しました！
http://www.city.kobe.lg.jp/information/public/kouhoushi/2015/1502/info00-02.html,引っ越しなどのごみ出しは
http://www.city.kobe.lg.jp/information/public/kouhoushi/2015/1502/info01.html,職員などの募集
http://www.city.kobe.lg.jp/information/public/kouhoushi/2015/1502/info02.html,お知らせ
http://www.city.kobe.lg.jp/information/public/kouhoushi/2015/1502/info03.html,各種相談
http://www.city.kobe.lg.jp/information/public/kouhoushi/2015/1502/info04.html,講演・講習
http://www.city.kobe.lg.jp/information/public/kouhoushi/2015/1502/info05.html,スポーツ
http://www.city.kobe.lg.jp/information/public/kouhoushi/2015/1502/info06.html,催し
http://www.city.kobe.lg.jp/information/public/kouhoushi/2015/1503/info00.html,あなたのご意見をお寄せください
http://www.city.kobe.lg.jp/information/public/kouhoushi/2015/1503/info01.html,職員などの募集
http://www.city.kobe.lg.jp/information/public/kouhoushi/2015/1503/info02.html,お知らせ
http://www.city.kobe.lg.jp/information/public/kouhoushi/2015/1503/info03.html,各種相談
http://www.city.kobe.lg.jp/information/public/kouhoushi/2015/1503/info04.html,講演・講習
http://www.city.kobe.lg.jp/information/public/kouhoushi/2015/1503/info05.html,スポーツ
http://www.city.kobe.lg.jp/information/public/kouhoushi/2015/1503/info06.html,催し
http://www.city.kobe.lg.jp/information/public/kouhoushi/2015/1504/info00-01.html,あなたのご意見をお寄せください
http://www.city.kobe.lg.jp/information/public/kouhoushi/2015/1504/info00-02.html,市の組織が変わります
http://www.city.kobe.lg.jp/information/public/kouhoushi/2015/1504/info00-03.html,ラグビーワールドカップ2019　神戸開催が決定しました
http://www.city.kobe.lg.jp/information/public/kouhoushi/2015/1504/info01.html,職員などの募集
http://www.city.kobe.lg.jp/information/public/kouhoushi/2015/1504/info02.html,お知らせ
http://www.city.kobe.lg.jp/information/public/kouhoushi/2015/1504/info03.html,各種相談
http://www.city.kobe.lg.jp/information/public/kouhoushi/2015/1504/info04.html,講演・講習
http://www.city.kobe.lg.jp/information/public/kouhoushi/2015/1504/info05.html,スポーツ
http://www.city.kobe.lg.jp/information/public/kouhoushi/2015/1504/info06.html,催し
http://www.city.kobe.lg.jp/information/public/kouhoushi/2015/1505/info00.html,あなたのご意見をお寄せください
http://www.city.kobe.lg.jp/information/public/kouhoushi/2015/1505/info01.html,職員などの募集
http://www.city.kobe.lg.jp/information/public/kouhoushi/2015/1505/info02.html,お知らせ
http://www.city.kobe.lg.jp/information/public/kouhoushi/2015/1505/info03.html,各種相談
http://www.city.kobe.lg.jp/information/public/kouhoushi/2015/1505/info04.html,講演・講習
http://www.city.kobe.lg.jp/information/public/kouhoushi/2015/1505/info05.html,スポーツ
http://www.city.kobe.lg.jp/information/public/kouhoushi/2015/1505/info06.html,催し
http://www.city.kobe.lg.jp/information/public/kouhoushi/2015/1506/info00-01.html,あなたのご意見をお寄せください
http://www.city.kobe.lg.jp/information/public/kouhoushi/2015/1506/info00-02.html,全国広報コンクールで広報紙KOBEが入選
http://www.city.kobe.lg.jp/information/public/kouhoushi/2015/1506/info01.html,職員などの募集
http://www.city.kobe.lg.jp/information/public/kouhoushi/2015/1506/info02.html,お知らせ
http://www.city.kobe.lg.jp/information/public/kouhoushi/2015/1506/info03.html,各種相談
http://www.city.kobe.lg.jp/information/public/kouhoushi/2015/1506/info04.html,講演・講習
http://www.city.kobe.lg.jp/information/public/kouhoushi/2015/1506/info05.html,スポーツ
http://www.city.kobe.lg.jp/information/public/kouhoushi/2015/1506/info06.html,催し
http://www.city.kobe.lg.jp/information/public/kouhoushi/2015/1507/info00-01.html,あなたのご意見をお寄せください
http://www.city.kobe.lg.jp/information/public/kouhoushi/2015/1507/info00-02.html,10月から、マイナンバー制度が始まります！
http://www.city.kobe.lg.jp/information/public/kouhoushi/2015/1507/info01.html,職員などの募集
http://www.city.kobe.lg.jp/information/public/kouhoushi/2015/1507/info02.html,お知らせ
http://www.city.kobe.lg.jp/information/public/kouhoushi/2015/1507/info03.html,各種相談
http://www.city.kobe.lg.jp/information/public/kouhoushi/2015/1507/info04.html,講演・講習
http://www.city.kobe.lg.jp/information/public/kouhoushi/2015/1507/info05.html,スポーツ
http://www.city.kobe.lg.jp/information/public/kouhoushi/2015/1507/info06.html,催し
http://www.city.kobe.lg.jp/information/public/kouhoushi/2015/1507/info07.html,みんなで出掛ける　夏のおすすめ
http://www.city.kobe.lg.jp/information/public/kouhoushi/2015/1508/info00.html,「マイナンバー」のお知らせは住民票の住所に届きます
http://www.city.kobe.lg.jp/information/public/kouhoushi/2015/1508/info01.html,職員などの募集
http://www.city.kobe.lg.jp/information/public/kouhoushi/2015/1508/info02.html,お知らせ
http://www.city.kobe.lg.jp/information/public/kouhoushi/2015/1508/info03.html,各種相談
http://www.city.kobe.lg.jp/information/public/kouhoushi/2015/1508/info04.html,講演・講習
http://www.city.kobe.lg.jp/information/public/kouhoushi/2015/1508/info05.html,スポーツ
http://www.city.kobe.lg.jp/information/public/kouhoushi/2015/1508/info06.html,催し
http://www.city.kobe.lg.jp/information/public/kouhoushi/2015/1508/info07.html,自然とふれあう　夏のおでかけ
http://www.city.kobe.lg.jp/information/public/kouhoushi/2015/1509/info00-01.html,KOBE Stylish DAY
http://www.city.kobe.lg.jp/information/public/kouhoushi/2015/1509/info00.html,あなたのご意見をお寄せください
http://www.city.kobe.lg.jp/information/public/kouhoushi/2015/1509/info01.html,職員などの募集
http://www.city.kobe.lg.jp/information/public/kouhoushi/2015/1509/info02.html,お知らせ
http://www.city.kobe.lg.jp/information/public/kouhoushi/2015/1509/info03.html,各種相談
http://www.city.kobe.lg.jp/information/public/kouhoushi/2015/1509/info04.html,講演・講習
http://www.city.kobe.lg.jp/information/public/kouhoushi/2015/1509/info05.html,スポーツ
http://www.city.kobe.lg.jp/information/public/kouhoushi/2015/1509/info06.html,催し
http://www.city.kobe.lg.jp/information/public/kouhoushi/2015/1510/info00-01.html,KOBE Stylish DAY
http://www.city.kobe.lg.jp/information/public/kouhoushi/2015/1510/info00.html,「ジャズの街神戸」を楽しむイベント
http://www.city.kobe.lg.jp/information/public/kouhoushi/2015/1510/info01.html,職員などの募集
http://www.city.kobe.lg.jp/information/public/kouhoushi/2015/1510/info02.html,お知らせ
http://www.city.kobe.lg.jp/information/public/kouhoushi/2015/1510/info03.html,各種相談
http://www.city.kobe.lg.jp/information/public/kouhoushi/2015/1510/info04.html,講演・講習
http://www.city.kobe.lg.jp/information/public/kouhoushi/2015/1510/info05.html,スポーツ
http://www.city.kobe.lg.jp/information/public/kouhoushi/2015/1510/info06.html,催し
http://www.city.kobe.lg.jp/information/public/kouhoushi/2015/1511/info00-02.html,KOBE Stylish DAY
http://www.city.kobe.lg.jp/information/public/kouhoushi/2015/1511/info00-01.html,意見募集
http://www.city.kobe.lg.jp/information/public/kouhoushi/2015/1511/info01.html,職員などの募集
http://www.city.kobe.lg.jp/information/public/kouhoushi/2015/1511/info02.html,お知らせ
http://www.city.kobe.lg.jp/information/public/kouhoushi/2015/1511/info03.html,各種相談
http://www.city.kobe.lg.jp/information/public/kouhoushi/2015/1511/info04.html,講演・講習
http://www.city.kobe.lg.jp/information/public/kouhoushi/2015/1511/info05.html,スポーツ
http://www.city.kobe.lg.jp/information/public/kouhoushi/2015/1511/info06.html,催し
http://www.city.kobe.lg.jp/information/public/kouhoushi/2015/1512/info00-01.html,意見募集
http://www.city.kobe.lg.jp/information/public/kouhoushi/2015/1512/info00-02.html,マイナンバーの「通知カード」を受け取ったら
http://www.city.kobe.lg.jp/information/public/kouhoushi/2015/1512/info00-03.html,KOBE Stylish DAY
http://www.city.kobe.lg.jp/information/public/kouhoushi/2015/1512/info00-04.html,冬の神戸を彩る「KOBEロマンチックフェア」
http://www.city.kobe.lg.jp/information/public/kouhoushi/2015/1512/info01.html,職員などの募集
http://www.city.kobe.lg.jp/information/public/kouhoushi/2015/1512/info02.html,お知らせ
http://www.city.kobe.lg.jp/information/public/kouhoushi/2015/1512/info03.html,各種相談
http://www.city.kobe.lg.jp/information/public/kouhoushi/2015/1512/info04.html,講演・講習
http://www.city.kobe.lg.jp/information/public/kouhoushi/2015/1512/info05.html,スポーツ
http://www.city.kobe.lg.jp/information/public/kouhoushi/2015/1512/info06.html,催し
http://www.city.kobe.lg.jp/information/public/kouhoushi/2014/1401/info00-01.html,4月から　市バスの乗り継ぎがICカードでお得に
http://www.city.kobe.lg.jp/information/public/kouhoushi/2014/1401/info00-02.html,こうべ人づくりメッセージ
http://www.city.kobe.lg.jp/information/public/kouhoushi/2014/1401/info00-03.html,ブランクがある・・・でも復職したい　そんな看護師の皆さんをサポート
http://www.city.kobe.lg.jp/information/public/kouhoushi/2014/1401/info00-04.html,あなたの”ご意見”をお寄せください
http://www.city.kobe.lg.jp/information/public/kouhoushi/2014/1401/info01.html,職員などの募集
http://www.city.kobe.lg.jp/information/public/kouhoushi/2014/1401/info02.html,お知らせ
http://www.city.kobe.lg.jp/information/public/kouhoushi/2014/1401/info03.html,各種相談
http://www.city.kobe.lg.jp/information/public/kouhoushi/2014/1401/info04.html,講演・講習
http://www.city.kobe.lg.jp/information/public/kouhoushi/2014/1401/info05.html,スポーツ
http://www.city.kobe.lg.jp/information/public/kouhoushi/2014/1401/info06.html,催し
http://www.city.kobe.lg.jp/information/public/kouhoushi/2014/1402/info00-01.html,あなたが撮った「とっておきの神戸」をお寄せください！
http://www.city.kobe.lg.jp/information/public/kouhoushi/2014/1402/info00-02.html,こうべ人づくりメッセージ
http://www.city.kobe.lg.jp/information/public/kouhoushi/2014/1402/info00-03.html,「リサイクル工房」へ行ってみよう！
http://www.city.kobe.lg.jp/information/public/kouhoushi/2014/1402/info00-04.html,「神戸の新商品」を新たに認定しました！
http://www.city.kobe.lg.jp/information/public/kouhoushi/2014/1402/info00-05.html,ブランクがある・・・でも復職したい　そんな看護師の皆さんをサポート
http://www.city.kobe.lg.jp/information/public/kouhoushi/2014/1402/info00-06.html,あなたの”ご意見”をお寄せください
http://www.city.kobe.lg.jp/information/public/kouhoushi/2014/1402/info01.html,職員などの募集
http://www.city.kobe.lg.jp/information/public/kouhoushi/2014/1402/info02.html,お知らせ
http://www.city.kobe.lg.jp/information/public/kouhoushi/2014/1402/info03.html,各種相談
http://www.city.kobe.lg.jp/information/public/kouhoushi/2014/1402/info04.html,講演・講習
http://www.city.kobe.lg.jp/information/public/kouhoushi/2014/1402/info05.html,スポーツ
http://www.city.kobe.lg.jp/information/public/kouhoushi/2014/1402/info06.html,催し
http://www.city.kobe.lg.jp/information/public/kouhoushi/2014/1403/info00-01.html,南海トラフ巨大地震の津波浸水想定について
http://www.city.kobe.lg.jp/information/public/kouhoushi/2014/1403/info00-02.html,こうべ人づくりメッセージ
http://www.city.kobe.lg.jp/information/public/kouhoushi/2014/1402/info00-04.html,みんなで応援しよう！
http://www.city.kobe.lg.jp/information/public/kouhoushi/2014/1402/info00-04.html,あなたの”ご意見”をお寄せください
http://www.city.kobe.lg.jp/information/public/kouhoushi/2014/1403/info01.html,職員などの募集
http://www.city.kobe.lg.jp/information/public/kouhoushi/2014/1403/info02.html,お知らせ
http://www.city.kobe.lg.jp/information/public/kouhoushi/2014/1403/info03.html,各種相談
http://www.city.kobe.lg.jp/information/public/kouhoushi/2014/1403/info04.html,講演・講習
http://www.city.kobe.lg.jp/information/public/kouhoushi/2014/1403/info05.html,スポーツ
http://www.city.kobe.lg.jp/information/public/kouhoushi/2014/1403/info06.html,催し
http://www.city.kobe.lg.jp/information/public/kouhoushi/2014/1404/info00-01.html,ＬＯＶＥ４９キャンペーン in ＫＯＢＥ ２０１４
http://www.city.kobe.lg.jp/information/public/kouhoushi/2014/1404/info00-02.html,こうべ人づくりメッセージ
http://www.city.kobe.lg.jp/information/public/kouhoushi/2014/1404/info00-03.html,あなたの”ご意見”をお寄せください
http://www.city.kobe.lg.jp/information/public/kouhoushi/2014/1404/info01.html,職員などの募集
http://www.city.kobe.lg.jp/information/public/kouhoushi/2014/1404/info02.html,お知らせ
http://www.city.kobe.lg.jp/information/public/kouhoushi/2014/1404/info03.html,各種相談
http://www.city.kobe.lg.jp/information/public/kouhoushi/2014/1404/info04.html,講演・講習
http://www.city.kobe.lg.jp/information/public/kouhoushi/2014/1404/info05.html,スポーツ
http://www.city.kobe.lg.jp/information/public/kouhoushi/2014/1404/info06.html,催し
http://www.city.kobe.lg.jp/information/public/kouhoushi/2014/1405/info00-01.html,雨の季節に備えて宅地の点検を
http://www.city.kobe.lg.jp/information/public/kouhoushi/2014/1405/info00-02.html,リレー・フォー・ライフ・ジャパン神戸2014
http://www.city.kobe.lg.jp/information/public/kouhoushi/2014/1405/info00-03.html,24時間対応の介護サービス事業所が各区に設置されました
http://www.city.kobe.lg.jp/information/public/kouhoushi/2014/1405/info00-04.html,市の組織が変わります
http://www.city.kobe.lg.jp/information/public/kouhoushi/2014/1405/info01.html,職員などの募集
http://www.city.kobe.lg.jp/information/public/kouhoushi/2014/1405/info02.html,お知らせ
http://www.city.kobe.lg.jp/information/public/kouhoushi/2014/1405/info03.html,各種相談
http://www.city.kobe.lg.jp/information/public/kouhoushi/2014/1405/info04.html,講演・講習
http://www.city.kobe.lg.jp/information/public/kouhoushi/2014/1405/info05.html,スポーツ
http://www.city.kobe.lg.jp/information/public/kouhoushi/2014/1405/info06.html,催し
http://www.city.kobe.lg.jp/information/public/kouhoushi/2014/1406/info00.html,あなたのご意見をお寄せください
http://www.city.kobe.lg.jp/information/public/kouhoushi/2014/1406/info01.html,職員などの募集
http://www.city.kobe.lg.jp/information/public/kouhoushi/2014/1406/info02.html,お知らせ
http://www.city.kobe.lg.jp/information/public/kouhoushi/2014/1406/info03.html,各種相談
http://www.city.kobe.lg.jp/information/public/kouhoushi/2014/1406/info04.html,講演・講習
http://www.city.kobe.lg.jp/information/public/kouhoushi/2014/1406/info05.html,スポーツ
http://www.city.kobe.lg.jp/information/public/kouhoushi/2014/1406/info06.html,催し
http://www.city.kobe.lg.jp/information/public/kouhoushi/2014/1407/info00.html,あなたのご意見をお寄せください
http://www.city.kobe.lg.jp/information/public/kouhoushi/2014/1407/info00-01.html,震災20年継承・発信事業ロゴマークが完成
http://www.city.kobe.lg.jp/information/public/kouhoushi/2014/1407/info00-02.html,地下鉄海岸線「1キロきっぷ」発売！
http://www.city.kobe.lg.jp/information/public/kouhoushi/2014/1407/info01.html,職員などの募集
http://www.city.kobe.lg.jp/information/public/kouhoushi/2014/1407/info02.html,お知らせ
http://www.city.kobe.lg.jp/information/public/kouhoushi/2014/1407/info03.html,各種相談
http://www.city.kobe.lg.jp/information/public/kouhoushi/2014/1407/info04.html,講演・講習
http://www.city.kobe.lg.jp/information/public/kouhoushi/2014/1407/info05.html,スポーツ
http://www.city.kobe.lg.jp/information/public/kouhoushi/2014/1407/info06.html,催し
http://www.city.kobe.lg.jp/information/public/kouhoushi/2014/1407/info07.html,夏のおすすめイベント
http://www.city.kobe.lg.jp/information/public/kouhoushi/2014/1408/info01.html,職員などの募集
http://www.city.kobe.lg.jp/information/public/kouhoushi/2014/1408/info02.html,お知らせ
http://www.city.kobe.lg.jp/information/public/kouhoushi/2014/1408/info03.html,各種相談
http://www.city.kobe.lg.jp/information/public/kouhoushi/2014/1408/info04.html,講演・講習
http://www.city.kobe.lg.jp/information/public/kouhoushi/2014/1408/info05.html,スポーツ
http://www.city.kobe.lg.jp/information/public/kouhoushi/2014/1408/info06.html,催し
http://www.city.kobe.lg.jp/information/public/kouhoushi/2014/1408/info07.html,自然とふれあう夏のおでかけ
http://www.city.kobe.lg.jp/information/public/kouhoushi/2014/1409/info00.html,あなたのご意見をお寄せください
http://www.city.kobe.lg.jp/information/public/kouhoushi/2014/1409/info01.html,職員などの募集
http://www.city.kobe.lg.jp/information/public/kouhoushi/2014/1409/info02.html,お知らせ
http://www.city.kobe.lg.jp/information/public/kouhoushi/2014/1409/info03.html,各種相談
http://www.city.kobe.lg.jp/information/public/kouhoushi/2014/1409/info04.html,講演・講習
http://www.city.kobe.lg.jp/information/public/kouhoushi/2014/1409/info05.html,スポーツ
http://www.city.kobe.lg.jp/information/public/kouhoushi/2014/1409/info06.html,催し
http://www.city.kobe.lg.jp/information/public/kouhoushi/2014/1410/info00.html,あなたのご意見をお寄せください
http://www.city.kobe.lg.jp/information/public/kouhoushi/2014/1410/info00-01.html,2016年　神戸サミットを実現しよう
http://www.city.kobe.lg.jp/information/public/kouhoushi/2014/1410/info00-02.html,都心の未来を考えるシンポジウム
http://www.city.kobe.lg.jp/information/public/kouhoushi/2014/1410/info00-03.html,おとな旅・神戸
http://www.city.kobe.lg.jp/information/public/kouhoushi/2014/1410/info01.html,職員などの募集
http://www.city.kobe.lg.jp/information/public/kouhoushi/2014/1410/info02.html,お知らせ
http://www.city.kobe.lg.jp/information/public/kouhoushi/2014/1410/info03.html,各種相談
http://www.city.kobe.lg.jp/information/public/kouhoushi/2014/1410/info04.html,講演・講習
http://www.city.kobe.lg.jp/information/public/kouhoushi/2014/1410/info05.html,スポーツ
http://www.city.kobe.lg.jp/information/public/kouhoushi/2014/1410/info06.html,催し
http://www.city.kobe.lg.jp/information/public/kouhoushi/2014/1411/info00.html,あなたのご意見をお寄せください
http://www.city.kobe.lg.jp/information/public/kouhoushi/2014/1411/info01.html,職員などの募集
http://www.city.kobe.lg.jp/information/public/kouhoushi/2014/1411/info02.html,お知らせ
http://www.city.kobe.lg.jp/information/public/kouhoushi/2014/1411/info03.html,各種相談
http://www.city.kobe.lg.jp/information/public/kouhoushi/2014/1411/info04.html,講演・講習
http://www.city.kobe.lg.jp/information/public/kouhoushi/2014/1411/info05.html,スポーツ
http://www.city.kobe.lg.jp/information/public/kouhoushi/2014/1411/info06.html,催し
http://www.city.kobe.lg.jp/information/public/kouhoushi/2014/1412/info00.html,あなたのご意見をお寄せください
http://www.city.kobe.lg.jp/information/public/kouhoushi/2014/1412/info00-01.html,震災20年防災イベント参加者募集
http://www.city.kobe.lg.jp/information/public/kouhoushi/2014/1412/info01.html,職員などの募集
http://www.city.kobe.lg.jp/information/public/kouhoushi/2014/1412/info02.html,お知らせ
http://www.city.kobe.lg.jp/information/public/kouhoushi/2014/1412/info03.html,各種相談
http://www.city.kobe.lg.jp/information/public/kouhoushi/2014/1412/info04.html,講演・講習
http://www.city.kobe.lg.jp/information/public/kouhoushi/2014/1412/info05.html,スポーツ
http://www.city.kobe.lg.jp/information/public/kouhoushi/2014/1412/info06.html,催し
http://www.city.kobe.lg.jp/information/public/kouhoushi/2013/1301/info01.html,職員などの募集
http://www.city.kobe.lg.jp/information/public/kouhoushi/2013/1301/info02.html,お知らせ
http://www.city.kobe.lg.jp/information/public/kouhoushi/2013/1301/info03.html,各種相談
http://www.city.kobe.lg.jp/information/public/kouhoushi/2013/1301/info04.html,イベント
http://www.city.kobe.lg.jp/information/public/kouhoushi/2013/1302/info01.html,職員などの募集
http://www.city.kobe.lg.jp/information/public/kouhoushi/2013/1302/info02.html,お知らせ
http://www.city.kobe.lg.jp/information/public/kouhoushi/2013/1302/info03.html,各種相談
http://www.city.kobe.lg.jp/information/public/kouhoushi/2013/1302/info04.html,イベント
http://www.city.kobe.lg.jp/information/public/kouhoushi/2013/1302/info05.html,1月号市政パズルの答え
http://www.city.kobe.lg.jp/information/public/kouhoushi/2013/1303/info01.html,職員などの募集
http://www.city.kobe.lg.jp/information/public/kouhoushi/2013/1303/info02.html,お知らせ
http://www.city.kobe.lg.jp/information/public/kouhoushi/2013/1303/info03.html,各種相談
http://www.city.kobe.lg.jp/information/public/kouhoushi/2013/1303/info04.html,イベント
http://www.city.kobe.lg.jp/information/public/kouhoushi/2013/1304/info01.html,職員などの募集
http://www.city.kobe.lg.jp/information/public/kouhoushi/2013/1304/info02.html,お知らせ
http://www.city.kobe.lg.jp/information/public/kouhoushi/2013/1304/info03.html,各種相談
http://www.city.kobe.lg.jp/information/public/kouhoushi/2013/1304/info04.html,イベント
http://www.city.kobe.lg.jp/information/public/kouhoushi/2013/1305/info01.html,職員などの募集
http://www.city.kobe.lg.jp/information/public/kouhoushi/2013/1305/info02.html,お知らせ
http://www.city.kobe.lg.jp/information/public/kouhoushi/2013/1305/info03.html,各種相談
http://www.city.kobe.lg.jp/information/public/kouhoushi/2013/1305/info04.html,講演・講習
http://www.city.kobe.lg.jp/information/public/kouhoushi/2013/1305/info05.html,スポーツ
http://www.city.kobe.lg.jp/information/public/kouhoushi/2013/1305/info06.html,催し
http://www.city.kobe.lg.jp/information/public/kouhoushi/2013/1306/info01.html,職員などの募集
http://www.city.kobe.lg.jp/information/public/kouhoushi/2013/1306/info02.html,お知らせ
http://www.city.kobe.lg.jp/information/public/kouhoushi/2013/1306/info03.html,各種相談
http://www.city.kobe.lg.jp/information/public/kouhoushi/2013/1306/info04.html,講演・講習
http://www.city.kobe.lg.jp/information/public/kouhoushi/2013/1306/info05.html,スポーツ
http://www.city.kobe.lg.jp/information/public/kouhoushi/2013/1306/info06.html,催し
http://www.city.kobe.lg.jp/information/public/kouhoushi/2013/1307/info01.html,職員などの募集
http://www.city.kobe.lg.jp/information/public/kouhoushi/2013/1307/info02.html,お知らせ
http://www.city.kobe.lg.jp/information/public/kouhoushi/2013/1307/info03.html,各種相談
http://www.city.kobe.lg.jp/information/public/kouhoushi/2013/1307/info04.html,講演・講習
http://www.city.kobe.lg.jp/information/public/kouhoushi/2013/1307/info05.html,スポーツ
http://www.city.kobe.lg.jp/information/public/kouhoushi/2013/1307/info06.html,催し
http://www.city.kobe.lg.jp/information/public/kouhoushi/2013/1308/info00.html,２０１３ KOBE 六甲全山縦走
http://www.city.kobe.lg.jp/information/public/kouhoushi/2013/1308/info01.html,職員などの募集
http://www.city.kobe.lg.jp/information/public/kouhoushi/2013/1308/info02.html,お知らせ
http://www.city.kobe.lg.jp/information/public/kouhoushi/2013/1308/info03.html,各種相談
http://www.city.kobe.lg.jp/information/public/kouhoushi/2013/1308/info04.html,講演・講習
http://www.city.kobe.lg.jp/information/public/kouhoushi/2013/1308/info05.html,スポーツ
http://www.city.kobe.lg.jp/information/public/kouhoushi/2013/1308/info06.html,催し
http://www.city.kobe.lg.jp/information/public/kouhoushi/2013/1309/info00.html,広報紙ＫＯＢＥデイジー（ＣＤ）版のご案内
http://www.city.kobe.lg.jp/information/public/kouhoushi/2013/1309/info01.html,職員などの募集
http://www.city.kobe.lg.jp/information/public/kouhoushi/2013/1309/info02.html,お知らせ
http://www.city.kobe.lg.jp/information/public/kouhoushi/2013/1309/info03.html,各種相談
http://www.city.kobe.lg.jp/information/public/kouhoushi/2013/1309/info04.html,講演・講習
http://www.city.kobe.lg.jp/information/public/kouhoushi/2013/1309/info05.html,スポーツ
http://www.city.kobe.lg.jp/information/public/kouhoushi/2013/1309/info06.html,催し
http://www.city.kobe.lg.jp/information/public/kouhoushi/2013/1310/info00.html,おとな旅・神戸
http://www.city.kobe.lg.jp/information/public/kouhoushi/2013/1310/info01.html,職員などの募集
http://www.city.kobe.lg.jp/information/public/kouhoushi/2013/1310/info02.html,お知らせ
http://www.city.kobe.lg.jp/information/public/kouhoushi/2013/1310/info03.html,各種相談
http://www.city.kobe.lg.jp/information/public/kouhoushi/2013/1310/info04.html,講演・講習
http://www.city.kobe.lg.jp/information/public/kouhoushi/2013/1310/info05.html,スポーツ
http://www.city.kobe.lg.jp/information/public/kouhoushi/2013/1310/info06.html,催し
http://www.city.kobe.lg.jp/information/public/kouhoushi/2013/1311/info00.html,あなたの”ご意見”をお寄せください
http://www.city.kobe.lg.jp/information/public/kouhoushi/2013/1311/info01.html,職員などの募集
http://www.city.kobe.lg.jp/information/public/kouhoushi/2013/1311/info02.html,お知らせ
http://www.city.kobe.lg.jp/information/public/kouhoushi/2013/1311/info03.html,各種相談
http://www.city.kobe.lg.jp/information/public/kouhoushi/2013/1311/info04.html,講演・講習
http://www.city.kobe.lg.jp/information/public/kouhoushi/2013/1311/info05.html,スポーツ
http://www.city.kobe.lg.jp/information/public/kouhoushi/2013/1311/info06.html,催し
http://www.city.kobe.lg.jp/information/public/kouhoushi/2013/1312/info00-01.html,チーム神戸に感謝
http://www.city.kobe.lg.jp/information/public/kouhoushi/2013/1312/info00-02.html,こうべ人づくりメッセージ
http://www.city.kobe.lg.jp/information/public/kouhoushi/2013/1312/info00-03.html,12月30日（月）　区役所で証明書が取れます
http://www.city.kobe.lg.jp/information/public/kouhoushi/2013/1312/info00-04.html,あなたの”ご意見”をお寄せください
http://www.city.kobe.lg.jp/information/public/kouhoushi/2013/1312/info01.html,職員などの募集
http://www.city.kobe.lg.jp/information/public/kouhoushi/2013/1312/info02.html,お知らせ
http://www.city.kobe.lg.jp/information/public/kouhoushi/2013/1312/info03.html,各種相談
http://www.city.kobe.lg.jp/information/public/kouhoushi/2013/1312/info04.html,講演・講習
http://www.city.kobe.lg.jp/information/public/kouhoushi/2013/1312/info05.html,スポーツ
http://www.city.kobe.lg.jp/information/public/kouhoushi/2013/1312/info06.html,催し
http://www.city.kobe.lg.jp/information/public/kouhoushi/2012/1201/info01.html,職員などの募集
http://www.city.kobe.lg.jp/information/public/kouhoushi/2012/1201/info03.html,保健・福祉
http://www.city.kobe.lg.jp/information/public/kouhoushi/2012/1201/info04.html,講演・講習
http://www.city.kobe.lg.jp/information/public/kouhoushi/2012/1201/info05.html,芸術
http://www.city.kobe.lg.jp/information/public/kouhoushi/2012/1201/info06.html,催し
http://www.city.kobe.lg.jp/information/public/kouhoushi/2012/1201/info07.html,資格・技能・ビジネス
http://www.city.kobe.lg.jp/information/public/kouhoushi/2012/1201/info09.html,スポーツ・レジャー
http://www.city.kobe.lg.jp/information/public/kouhoushi/2012/1201/info10.html,スポーツイベント観戦情報
http://www.city.kobe.lg.jp/information/public/kouhoushi/2012/1201/info11.html,お知らせ
http://www.city.kobe.lg.jp/information/public/kouhoushi/2012/1201/info12.html,相談
http://www.city.kobe.lg.jp/information/public/kouhoushi/2012/1201/info13.html,区民センター等の催し
http://www.city.kobe.lg.jp/information/public/kouhoushi/2012/1201/info13.html,あじさい講座
http://www.city.kobe.lg.jp/information/public/kouhoushi/2012/1202/info01.html,職員などの募集
http://www.city.kobe.lg.jp/information/public/kouhoushi/2012/1202/info02.html,住宅・土地・テナント
http://www.city.kobe.lg.jp/information/public/kouhoushi/2012/1202/info03.html,保健・福祉
http://www.city.kobe.lg.jp/information/public/kouhoushi/2012/1202/info04.html,講演・講習
http://www.city.kobe.lg.jp/information/public/kouhoushi/2012/1202/info05.html,芸術
http://www.city.kobe.lg.jp/information/public/kouhoushi/2012/1202/info06.html,催し
http://www.city.kobe.lg.jp/information/public/kouhoushi/2012/1202/info07.html,資格・技能・ビジネス
http://www.city.kobe.lg.jp/information/public/kouhoushi/2012/1202/info08.html,環境・リサイクル
http://www.city.kobe.lg.jp/information/public/kouhoushi/2012/1202/info09.html,スポーツ・レジャー
http://www.city.kobe.lg.jp/information/public/kouhoushi/2012/1202/info10.html,スポーツイベント観戦情報
http://www.city.kobe.lg.jp/information/public/kouhoushi/2012/1202/info11.html,お知らせ
http://www.city.kobe.lg.jp/information/public/kouhoushi/2012/1202/info12.html,相談
http://www.city.kobe.lg.jp/information/public/kouhoushi/2012/1202/info13.html,区民センター等の催し
http://www.city.kobe.lg.jp/information/public/kouhoushi/2012/1202/info13.html,あじさい講座
http://www.city.kobe.lg.jp/information/public/kouhoushi/2012/1203/info01.html,職員などの募集
http://www.city.kobe.lg.jp/information/public/kouhoushi/2012/1203/info03.html,保健・福祉
http://www.city.kobe.lg.jp/information/public/kouhoushi/2012/1203/info04.html,講演・講習
http://www.city.kobe.lg.jp/information/public/kouhoushi/2012/1203/info05.html,芸術
http://www.city.kobe.lg.jp/information/public/kouhoushi/2012/1203/info06.html,催し
http://www.city.kobe.lg.jp/information/public/kouhoushi/2012/1203/info07.html,資格・技能・ビジネス
http://www.city.kobe.lg.jp/information/public/kouhoushi/2012/1203/info08.html,環境・リサイクル
http://www.city.kobe.lg.jp/information/public/kouhoushi/2012/1203/info09.html,スポーツ・レジャー
http://www.city.kobe.lg.jp/information/public/kouhoushi/2012/1203/info10.html,スポーツイベント観戦情報
http://www.city.kobe.lg.jp/information/public/kouhoushi/2012/1203/info11.html,お知らせ
http://www.city.kobe.lg.jp/information/public/kouhoushi/2012/1203/info12.html,相談
http://www.city.kobe.lg.jp/information/public/kouhoushi/2012/1203/info13.html,区民センター等の催し
http://www.city.kobe.lg.jp/information/public/kouhoushi/2012/1203/info13.html,あじさい講座
http://www.city.kobe.lg.jp/information/public/kouhoushi/2012/1204/info01.html,職員などの募集
http://www.city.kobe.lg.jp/information/public/kouhoushi/2012/1204/info03.html,保健・福祉
http://www.city.kobe.lg.jp/information/public/kouhoushi/2012/1204/info04.html,講演・講習
http://www.city.kobe.lg.jp/information/public/kouhoushi/2012/1204/info05.html,芸術
http://www.city.kobe.lg.jp/information/public/kouhoushi/2012/1204/info06.html,催し
http://www.city.kobe.lg.jp/information/public/kouhoushi/2012/1204/info07.html,資格・技能・ビジネス
http://www.city.kobe.lg.jp/information/public/kouhoushi/2012/1204/info08.html,環境・リサイクル
http://www.city.kobe.lg.jp/information/public/kouhoushi/2012/1204/info09.html,スポーツ・レジャー
http://www.city.kobe.lg.jp/information/public/kouhoushi/2012/1204/info10.html,スポーツイベント観戦情報
http://www.city.kobe.lg.jp/information/public/kouhoushi/2012/1204/info11.html,お知らせ
http://www.city.kobe.lg.jp/information/public/kouhoushi/2012/1204/info12.html,相談
http://www.city.kobe.lg.jp/information/public/kouhoushi/2012/1204/info13.html,区民センター等の催し
http://www.city.kobe.lg.jp/information/public/kouhoushi/2012/1204/info13.html,あじさい講座
http://www.city.kobe.lg.jp/information/public/kouhoushi/2012/1205/info01.html,職員などの募集
http://www.city.kobe.lg.jp/information/public/kouhoushi/2012/1205/info02.html,お知らせ
http://www.city.kobe.lg.jp/information/public/kouhoushi/2012/1205/info03.html,各種相談
http://www.city.kobe.lg.jp/information/public/kouhoushi/2012/1205/info04.html,イベント
http://www.city.kobe.lg.jp/information/public/kouhoushi/2012/1206/info01.html,職員などの募集
http://www.city.kobe.lg.jp/information/public/kouhoushi/2012/1206/info02.html,お知らせ
http://www.city.kobe.lg.jp/information/public/kouhoushi/2012/1206/info03.html,各種相談
http://www.city.kobe.lg.jp/information/public/kouhoushi/2012/1206/info04.html,イベント
http://www.city.kobe.lg.jp/information/public/kouhoushi/2012/1207/info01.html,職員などの募集
http://www.city.kobe.lg.jp/information/public/kouhoushi/2012/1207/info02.html,お知らせ
http://www.city.kobe.lg.jp/information/public/kouhoushi/2012/1207/info03.html,各種相談
http://www.city.kobe.lg.jp/information/public/kouhoushi/2012/1207/info04.html,イベント
http://www.city.kobe.lg.jp/information/public/kouhoushi/2012/1208/info01.html,職員などの募集
http://www.city.kobe.lg.jp/information/public/kouhoushi/2012/1208/info02.html,お知らせ
http://www.city.kobe.lg.jp/information/public/kouhoushi/2012/1208/info03.html,各種相談
http://www.city.kobe.lg.jp/information/public/kouhoushi/2012/1208/info04.html,イベント
http://www.city.kobe.lg.jp/information/public/kouhoushi/2012/1209/info01.html,職員などの募集
http://www.city.kobe.lg.jp/information/public/kouhoushi/2012/1209/info02.html,お知らせ
http://www.city.kobe.lg.jp/information/public/kouhoushi/2012/1209/info03.html,各種相談
http://www.city.kobe.lg.jp/information/public/kouhoushi/2012/1209/info04.html,イベント
http://www.city.kobe.lg.jp/information/public/kouhoushi/2012/1210/info01.html,職員などの募集
http://www.city.kobe.lg.jp/information/public/kouhoushi/2012/1210/info02.html,お知らせ
http://www.city.kobe.lg.jp/information/public/kouhoushi/2012/1210/info03.html,各種相談
http://www.city.kobe.lg.jp/information/public/kouhoushi/2012/1210/info04.html,イベント
http://www.city.kobe.lg.jp/information/public/kouhoushi/2012/1211/info01.html,職員などの募集
http://www.city.kobe.lg.jp/information/public/kouhoushi/2012/1211/info02.html,お知らせ
http://www.city.kobe.lg.jp/information/public/kouhoushi/2012/1211/info03.html,各種相談
http://www.city.kobe.lg.jp/information/public/kouhoushi/2012/1211/info04.html,イベント
http://www.city.kobe.lg.jp/information/public/kouhoushi/2012/1212/info01.html,職員などの募集
http://www.city.kobe.lg.jp/information/public/kouhoushi/2012/1212/info02.html,お知らせ
http://www.city.kobe.lg.jp/information/public/kouhoushi/2012/1212/info03.html,各種相談
http://www.city.kobe.lg.jp/information/public/kouhoushi/2012/1212/info04.html,イベント
http://www.city.kobe.lg.jp/information/public/kouhoushi/2011/1101/info01.html,職員などの募集
http://www.city.kobe.lg.jp/information/public/kouhoushi/2011/1101/info02.html,住宅・土地・テナント
http://www.city.kobe.lg.jp/information/public/kouhoushi/2011/1101/info03.html,保健・福祉
http://www.city.kobe.lg.jp/information/public/kouhoushi/2011/1101/info04.html,講演・講習
http://www.city.kobe.lg.jp/information/public/kouhoushi/2011/1101/info05.html,芸術
http://www.city.kobe.lg.jp/information/public/kouhoushi/2011/1101/info06.html,催し
http://www.city.kobe.lg.jp/information/public/kouhoushi/2011/1101/info07.html,資格・技能・ビジネス
http://www.city.kobe.lg.jp/information/public/kouhoushi/2011/1101/info08.html,環境・リサイクル
http://www.city.kobe.lg.jp/information/public/kouhoushi/2011/1101/info09.html,スポーツ・レジャー
http://www.city.kobe.lg.jp/information/public/kouhoushi/2011/1101/info10.html,スポーツイベント観戦情報
http://www.city.kobe.lg.jp/information/public/kouhoushi/2011/1101/info11.html,お知らせ
http://www.city.kobe.lg.jp/information/public/kouhoushi/2011/1101/info12.html,相談
http://www.city.kobe.lg.jp/information/public/kouhoushi/2011/1101/info13.html,区民センター等の催し
http://www.city.kobe.lg.jp/information/public/kouhoushi/2011/1101/info13.html,あじさい講座
http://www.city.kobe.lg.jp/information/public/kouhoushi/2011/1102/info01.html,職員などの募集
http://www.city.kobe.lg.jp/information/public/kouhoushi/2011/1102/info02.html,住宅・土地・テナント
http://www.city.kobe.lg.jp/information/public/kouhoushi/2011/1102/info03.html,保健・福祉
http://www.city.kobe.lg.jp/information/public/kouhoushi/2011/1102/info04.html,講演・講習
http://www.city.kobe.lg.jp/information/public/kouhoushi/2011/1102/info05.html,芸術
http://www.city.kobe.lg.jp/information/public/kouhoushi/2011/1102/info06.html,催し
http://www.city.kobe.lg.jp/information/public/kouhoushi/2011/1102/info07.html,資格・技能・ビジネス
http://www.city.kobe.lg.jp/information/public/kouhoushi/2011/1102/info08.html,環境・リサイクル
http://www.city.kobe.lg.jp/information/public/kouhoushi/2011/1102/info09.html,スポーツ・レジャー
http://www.city.kobe.lg.jp/information/public/kouhoushi/2011/1102/info10.html,スポーツイベント観戦情報
http://www.city.kobe.lg.jp/information/public/kouhoushi/2011/1102/info11.html,お知らせ
http://www.city.kobe.lg.jp/information/public/kouhoushi/2011/1102/info12.html,相談
http://www.city.kobe.lg.jp/information/public/kouhoushi/2011/1102/info13.html,区民センター等の催し
http://www.city.kobe.lg.jp/information/public/kouhoushi/2011/1102/info13.html,あじさい講座
http://www.city.kobe.lg.jp/information/public/kouhoushi/2011/1103/info01.html,職員などの募集
http://www.city.kobe.lg.jp/information/public/kouhoushi/2011/1103/info02.html,住宅・土地・テナント
http://www.city.kobe.lg.jp/information/public/kouhoushi/2011/1103/info03.html,保健・福祉
http://www.city.kobe.lg.jp/information/public/kouhoushi/2011/1103/info04.html,講演・講習
http://www.city.kobe.lg.jp/information/public/kouhoushi/2011/1103/info05.html,芸術
http://www.city.kobe.lg.jp/information/public/kouhoushi/2011/1103/info06.html,催し
http://www.city.kobe.lg.jp/information/public/kouhoushi/2011/1103/info07.html,資格・技能・ビジネス
http://www.city.kobe.lg.jp/information/public/kouhoushi/2011/1103/info08.html,環境・リサイクル
http://www.city.kobe.lg.jp/information/public/kouhoushi/2011/1103/info09.html,スポーツ・レジャー
http://www.city.kobe.lg.jp/information/public/kouhoushi/2011/1103/info10.html,スポーツイベント観戦情報
http://www.city.kobe.lg.jp/information/public/kouhoushi/2011/1103/info11.html,お知らせ
http://www.city.kobe.lg.jp/information/public/kouhoushi/2011/1103/info12.html,相談
http://www.city.kobe.lg.jp/information/public/kouhoushi/2011/1103/info13.html,区民センター等の催し
http://www.city.kobe.lg.jp/information/public/kouhoushi/2011/1103/info13.html,あじさい講座
http://www.city.kobe.lg.jp/information/public/kouhoushi/2011/1104/info01.html,職員などの募集
http://www.city.kobe.lg.jp/information/public/kouhoushi/2011/1104/info03.html,保健・福祉
http://www.city.kobe.lg.jp/information/public/kouhoushi/2011/1104/info04.html,講演・講習
http://www.city.kobe.lg.jp/information/public/kouhoushi/2011/1104/info05.html,芸術
http://www.city.kobe.lg.jp/information/public/kouhoushi/2011/1104/info06.html,催し
http://www.city.kobe.lg.jp/information/public/kouhoushi/2011/1104/info07.html,資格・技能・ビジネス
http://www.city.kobe.lg.jp/information/public/kouhoushi/2011/1104/info08.html,環境・リサイクル
http://www.city.kobe.lg.jp/information/public/kouhoushi/2011/1104/info09.html,スポーツ・レジャー
http://www.city.kobe.lg.jp/information/public/kouhoushi/2011/1104/info10.html,スポーツイベント観戦情報
http://www.city.kobe.lg.jp/information/public/kouhoushi/2011/1104/info11.html,お知らせ
http://www.city.kobe.lg.jp/information/public/kouhoushi/2011/1104/info12.html,相談
http://www.city.kobe.lg.jp/information/public/kouhoushi/2011/1104/info13.html,区民センター等の催し
http://www.city.kobe.lg.jp/information/public/kouhoushi/2011/1104/info13.html,あじさい講座
http://www.city.kobe.lg.jp/information/public/kouhoushi/2011/1105/info01.html,職員などの募集
http://www.city.kobe.lg.jp/information/public/kouhoushi/2011/1105/info02.html,住宅・土地・テナント
http://www.city.kobe.lg.jp/information/public/kouhoushi/2011/1105/info03.html,保健・福祉
http://www.city.kobe.lg.jp/information/public/kouhoushi/2011/1105/info04.html,講演・講習
http://www.city.kobe.lg.jp/information/public/kouhoushi/2011/1105/info05.html,芸術
http://www.city.kobe.lg.jp/information/public/kouhoushi/2011/1105/info06.html,催し
http://www.city.kobe.lg.jp/information/public/kouhoushi/2011/1105/info07.html,資格・技能・ビジネス
http://www.city.kobe.lg.jp/information/public/kouhoushi/2011/1105/info08.html,環境・リサイクル
http://www.city.kobe.lg.jp/information/public/kouhoushi/2011/1105/info09.html,スポーツ・レジャー
http://www.city.kobe.lg.jp/information/public/kouhoushi/2011/1105/info10.html,スポーツイベント観戦情報
http://www.city.kobe.lg.jp/information/public/kouhoushi/2011/1105/info11.html,お知らせ
http://www.city.kobe.lg.jp/information/public/kouhoushi/2011/1105/info12.html,相談
http://www.city.kobe.lg.jp/information/public/kouhoushi/2011/1105/info13.html,区民センター等の催し
http://www.city.kobe.lg.jp/information/public/kouhoushi/2011/1105/info13.html,あじさい講座
http://www.city.kobe.lg.jp/information/public/kouhoushi/2011/1106/info01.html,職員などの募集
http://www.city.kobe.lg.jp/information/public/kouhoushi/2011/1106/info03.html,保健・福祉
http://www.city.kobe.lg.jp/information/public/kouhoushi/2011/1106/info04.html,講演・講習
http://www.city.kobe.lg.jp/information/public/kouhoushi/2011/1106/info05.html,芸術
http://www.city.kobe.lg.jp/information/public/kouhoushi/2011/1106/info06.html,催し
http://www.city.kobe.lg.jp/information/public/kouhoushi/2011/1106/info07.html,資格・技能・ビジネス
http://www.city.kobe.lg.jp/information/public/kouhoushi/2011/1106/info08.html,環境・リサイクル
http://www.city.kobe.lg.jp/information/public/kouhoushi/2011/1106/info09.html,スポーツ・レジャー
http://www.city.kobe.lg.jp/information/public/kouhoushi/2011/1106/info10.html,スポーツイベント観戦情報
http://www.city.kobe.lg.jp/information/public/kouhoushi/2011/1106/info11.html,お知らせ
http://www.city.kobe.lg.jp/information/public/kouhoushi/2011/1106/info12.html,相談
http://www.city.kobe.lg.jp/information/public/kouhoushi/2011/1106/info13.html,区民センター等の催し
http://www.city.kobe.lg.jp/information/public/kouhoushi/2011/1106/info13.html,あじさい講座
http://www.city.kobe.lg.jp/information/public/kouhoushi/2011/1107/info01.html,職員などの募集
http://www.city.kobe.lg.jp/information/public/kouhoushi/2011/1107/info02.html,住宅・土地・テナント
http://www.city.kobe.lg.jp/information/public/kouhoushi/2011/1107/info03.html,保健・福祉
http://www.city.kobe.lg.jp/information/public/kouhoushi/2011/1107/info04.html,講演・講習
http://www.city.kobe.lg.jp/information/public/kouhoushi/2011/1107/info05.html,芸術
http://www.city.kobe.lg.jp/information/public/kouhoushi/2011/1107/info06.html,催し
http://www.city.kobe.lg.jp/information/public/kouhoushi/2011/1107/info07.html,資格・技能・ビジネス
http://www.city.kobe.lg.jp/information/public/kouhoushi/2011/1107/info08.html,環境・リサイクル
http://www.city.kobe.lg.jp/information/public/kouhoushi/2011/1107/info09.html,スポーツ・レジャー
http://www.city.kobe.lg.jp/information/public/kouhoushi/2011/1107/info10.html,スポーツイベント観戦情報
http://www.city.kobe.lg.jp/information/public/kouhoushi/2011/1107/info11.html,お知らせ
http://www.city.kobe.lg.jp/information/public/kouhoushi/2011/1107/info12.html,相談
http://www.city.kobe.lg.jp/information/public/kouhoushi/2011/1107/info13.html,区民センター等の催し
http://www.city.kobe.lg.jp/information/public/kouhoushi/2011/1107/info13.html,あじさい講座
http://www.city.kobe.lg.jp/information/public/kouhoushi/2011/1108/info01.html,職員などの募集
http://www.city.kobe.lg.jp/information/public/kouhoushi/2011/1108/info02.html,住宅・土地・テナント
http://www.city.kobe.lg.jp/information/public/kouhoushi/2011/1108/info03.html,保健・福祉
http://www.city.kobe.lg.jp/information/public/kouhoushi/2011/1108/info04.html,講演・講習
http://www.city.kobe.lg.jp/information/public/kouhoushi/2011/1108/info05.html,芸術
http://www.city.kobe.lg.jp/information/public/kouhoushi/2011/1108/info06.html,催し
http://www.city.kobe.lg.jp/information/public/kouhoushi/2011/1108/info07.html,資格・技能・ビジネス
http://www.city.kobe.lg.jp/information/public/kouhoushi/2011/1108/info08.html,環境・リサイクル
http://www.city.kobe.lg.jp/information/public/kouhoushi/2011/1108/info09.html,スポーツ・レジャー
http://www.city.kobe.lg.jp/information/public/kouhoushi/2011/1108/info10.html,スポーツイベント観戦情報
http://www.city.kobe.lg.jp/information/public/kouhoushi/2011/1108/info11.html,お知らせ
http://www.city.kobe.lg.jp/information/public/kouhoushi/2011/1108/info12.html,相談
http://www.city.kobe.lg.jp/information/public/kouhoushi/2011/1108/info13.html,区民センター等の催し
http://www.city.kobe.lg.jp/information/public/kouhoushi/2011/1108/info13.html,あじさい講座
http://www.city.kobe.lg.jp/information/public/kouhoushi/2011/1109/info01.html,職員などの募集
http://www.city.kobe.lg.jp/information/public/kouhoushi/2011/1109/info02.html,住宅・土地・テナント
http://www.city.kobe.lg.jp/information/public/kouhoushi/2011/1109/info03.html,保健・福祉
http://www.city.kobe.lg.jp/information/public/kouhoushi/2011/1109/info04.html,講演・講習
http://www.city.kobe.lg.jp/information/public/kouhoushi/2011/1109/info05.html,芸術
http://www.city.kobe.lg.jp/information/public/kouhoushi/2011/1109/info06.html,催し
http://www.city.kobe.lg.jp/information/public/kouhoushi/2011/1109/info07.html,資格・技能・ビジネス
http://www.city.kobe.lg.jp/information/public/kouhoushi/2011/1109/info08.html,環境・リサイクル
http://www.city.kobe.lg.jp/information/public/kouhoushi/2011/1109/info09.html,スポーツ・レジャー
http://www.city.kobe.lg.jp/information/public/kouhoushi/2011/1109/info10.html,スポーツイベント観戦情報
http://www.city.kobe.lg.jp/information/public/kouhoushi/2011/1109/info11.html,お知らせ
http://www.city.kobe.lg.jp/information/public/kouhoushi/2011/1109/info12.html,相談
http://www.city.kobe.lg.jp/information/public/kouhoushi/2011/1109/info13.html,区民センター等の催し
http://www.city.kobe.lg.jp/information/public/kouhoushi/2011/1109/info13.html,あじさい講座
http://www.city.kobe.lg.jp/information/public/kouhoushi/2011/1110/info01.html,職員などの募集
http://www.city.kobe.lg.jp/information/public/kouhoushi/2011/1110/info03.html,保健・福祉
http://www.city.kobe.lg.jp/information/public/kouhoushi/2011/1110/info04.html,講演・講習
http://www.city.kobe.lg.jp/information/public/kouhoushi/2011/1110/info05.html,芸術
http://www.city.kobe.lg.jp/information/public/kouhoushi/2011/1110/info06.html,催し
http://www.city.kobe.lg.jp/information/public/kouhoushi/2011/1110/info07.html,資格・技能・ビジネス
http://www.city.kobe.lg.jp/information/public/kouhoushi/2011/1110/info08.html,環境・リサイクル
http://www.city.kobe.lg.jp/information/public/kouhoushi/2011/1110/info09.html,スポーツ・レジャー
http://www.city.kobe.lg.jp/information/public/kouhoushi/2011/1110/info10.html,スポーツイベント観戦情報
http://www.city.kobe.lg.jp/information/public/kouhoushi/2011/1110/info11.html,お知らせ
http://www.city.kobe.lg.jp/information/public/kouhoushi/2011/1110/info12.html,相談
http://www.city.kobe.lg.jp/information/public/kouhoushi/2011/1110/info13.html,区民センター等の催し
http://www.city.kobe.lg.jp/information/public/kouhoushi/2011/1110/info13.html,あじさい講座
http://www.city.kobe.lg.jp/information/public/kouhoushi/2011/1111/info01.html,職員などの募集
http://www.city.kobe.lg.jp/information/public/kouhoushi/2011/1111/info02.html,住宅・土地・テナント
http://www.city.kobe.lg.jp/information/public/kouhoushi/2011/1111/info03.html,保健・福祉
http://www.city.kobe.lg.jp/information/public/kouhoushi/2011/1111/info04.html,講演・講習
http://www.city.kobe.lg.jp/information/public/kouhoushi/2011/1111/info05.html,芸術
http://www.city.kobe.lg.jp/information/public/kouhoushi/2011/1111/info06.html,催し
http://www.city.kobe.lg.jp/information/public/kouhoushi/2011/1111/info07.html,資格・技能・ビジネス
http://www.city.kobe.lg.jp/information/public/kouhoushi/2011/1111/info08.html,環境・リサイクル
http://www.city.kobe.lg.jp/information/public/kouhoushi/2011/1111/info09.html,スポーツ・レジャー
http://www.city.kobe.lg.jp/information/public/kouhoushi/2011/1111/info10.html,スポーツイベント観戦情報
http://www.city.kobe.lg.jp/information/public/kouhoushi/2011/1111/info11.html,お知らせ
http://www.city.kobe.lg.jp/information/public/kouhoushi/2011/1111/info12.html,相談
http://www.city.kobe.lg.jp/information/public/kouhoushi/2011/1111/info13.html,区民センター等の催し
http://www.city.kobe.lg.jp/information/public/kouhoushi/2011/1111/info13.html,あじさい講座
http://www.city.kobe.lg.jp/information/public/kouhoushi/2011/1112/info01.html,職員などの募集
http://www.city.kobe.lg.jp/information/public/kouhoushi/2011/1112/info03.html,保健・福祉
http://www.city.kobe.lg.jp/information/public/kouhoushi/2011/1112/info04.html,講演・講習
http://www.city.kobe.lg.jp/information/public/kouhoushi/2011/1112/info05.html,芸術
http://www.city.kobe.lg.jp/information/public/kouhoushi/2011/1112/info06.html,催し
http://www.city.kobe.lg.jp/information/public/kouhoushi/2011/1112/info07.html,資格・技能・ビジネス
http://www.city.kobe.lg.jp/information/public/kouhoushi/2011/1112/info08.html,環境・リサイクル
http://www.city.kobe.lg.jp/information/public/kouhoushi/2011/1112/info09.html,スポーツ・レジャー
http://www.city.kobe.lg.jp/information/public/kouhoushi/2011/1112/info10.html,スポーツイベント観戦情報
http://www.city.kobe.lg.jp/information/public/kouhoushi/2011/1112/info11.html,お知らせ
http://www.city.kobe.lg.jp/information/public/kouhoushi/2011/1112/info12.html,相談
http://www.city.kobe.lg.jp/information/public/kouhoushi/2011/1112/info13.html,区民センター等の催し
http://www.city.kobe.lg.jp/information/public/kouhoushi/2011/1112/info13.html,あじさい講座
